compound	subset	sentence_type	expected_item	sequence_caption1	sequence_caption2	image1_name	image1_caption	image2_name	image2_caption	image3_name	image3_caption	image4_name	image4_caption
cold turkey	Extended Evaluation			The image shows an illustration of a turkey. It's a stylized, cartoon-like depiction with exaggerated features such as large eyes and a somewhat surprised or curious expression. The turkey is standing on a snowy surface with snowflakes falling around it, and there are a few small orange objects on the ground, which could be berries or some other type of food. The turkey's feathers are detailed, with a mix of brown and black colors, and it has a prominent wattle under its beak. 	The image depicts an animated scene where a young boy is running towards a turkey with a large axe in his hand. The turkey is in mid-flight, with its wings spread wide, and appears to be in a state of panic or fear. The boy is wearing a winter hat and a scarf, suggesting a cold season, and he seems to be chasing the turkey. There are also snowflakes falling in the background, which adds to the wintry atmosphere of the scene. The image is stylized and cartoonish, with exaggerated features and a playful tone. 	12763125795.png	The image shows a stylized, cartoon-like depiction of a cozy cabin scene. There is a stone fireplace with a fire burning, and above it, there's a chimney made of stacked stones. To the left of the fireplace, there's a small wooden stool with a cushion on it. On the right side of the fireplace, there's a wooden bucket filled with firewood, and a pair of binoculars resting on top. Above the fireplace, there are two candles with flames, and to the left, there's a small wooden shelf with a few items on it, including a book, a mug, and a small plant. The overall scene suggests a warm and inviting cabin setting, possibly in a forest or mountainous area. 	71622411240.png	The image shows a stylized illustration of a man sitting at a table. He has a beard and mustache, and is wearing glasses and a plaid shirt. The man appears to be smiling and is holding a glass of water. The background is minimal, with a simple white wall, suggesting a focus on the character. The style of the illustration is cartoonish and appears to be designed for a friendly and approachable look. 	78989815883.png	The image shows an animated character, a young boy, who appears to be in the process of chopping a log with an axe. The boy is wearing a winter hat and a scarf, suggesting it might be cold outside. The scene is set against a white background, which highlights the action and the character's attire. The boy's expression is one of concentration or determination, and there are leaves scattered around, indicating that the action might be taking place outdoors, possibly during the fall season. 	92403219015.png	The image shows an animated scene featuring a turkey standing in front of a stone fireplace with a fire burning inside. The fireplace is topped with a chimney and has a rustic, cozy appearance. There are also autumn leaves scattered around the base of the fireplace, and a pumpkin with a carved face is placed to the right. The overall setting suggests a festive autumn or winter scene, possibly related to Thanksgiving or Halloween, given the presence of the pumpkin. 
seal of approval	Extended Evaluation			The image shows an animated illustration of a woman wearing glasses and a white lab coat, sitting at a lab bench. She appears to be engaged in scientific research, as indicated by the presence of a microscope, test tubes, and various lab equipment. The woman is smiling and seems to be enjoying her work. 	The image shows an animated character of a female doctor. She is wearing a white lab coat, which is a common attire for medical professionals, and has a stethoscope around her neck. The character is standing behind a desk with a beaker on it, suggesting she might be in a laboratory or a medical setting. She appears to be engaged in a conversation or explaining something, as indicated by her gesturing hands. 	06557123216.png	The image shows a stylized, cartoon-like depiction of a seal. It has a simplified, smooth appearance with exaggerated features such as large eyes and a friendly expression. The seal is shown with its flippers raised, giving a thumbs-up gesture. 	56984725371.png	The image shows an illustration of two women in a laboratory setting. The woman in the foreground is wearing glasses, a white lab coat, and is seated at a desk with a microscope and various lab equipment. She appears to be deep in thought or possibly puzzled by something. The other woman, standing behind her, is also wearing glasses and a lab coat, and she is holding a clipboard and a pen, suggesting she might be taking notes or overseeing the work. The overall scene suggests a scientific or research environment. 	94141233306.png	The image shows an illustration of a woman wearing glasses and a white lab coat. She has brown hair tied up in a bun and is wearing an orange shirt. The woman is holding her chin, suggesting she is deep in thought or contemplation. There is a thought bubble above her head with a mouse inside, which could imply she is thinking about or considering the mouse. The overall impression is that of a scientist or researcher, possibly in a field related to animals or biology. 	94776854361.png	The image shows a 3D rendering of a female character who appears to be a scientist or a professional in a field that requires a lab coat. She is wearing glasses, a white lab coat, and white gloves. The character is holding a tablet with a certificate or award on it, which includes a trophy and some text that is not fully legible. The overall impression is that of a professional achievement or recognition. 
best man	Extended Evaluation			The image shows a stylized illustration of four male figures in a race. They are depicted in a simplified, cartoon-like style, with exaggerated features and expressions. Each figure is in a different stage of running, with the first one in the lead, the second one in the middle, and the third one trailing behind. The fourth figure is at the back of the race, looking back with a surprised or shocked expression. The background is plain white, which puts the focus on the characters and their actions. 	The image shows an illustration of a male athlete in mid-run. He is wearing a sleeveless top, shorts, and running shoes. The athlete is depicted with a determined expression and is holding onto a ribbon or tape, which is often associated with a finish line in a race. The background features a green, grassy area, suggesting that the run is taking place outdoors. 	28367529031.png	The image shows an animated character, a young man with short hair, who is holding a large hamburger with a big bite taken out of it. He appears to be enjoying his meal, as indicated by his smile. There are also some fries on the table in front of him. The style of the image is cartoonish and colorful, suggesting it might be from a children's show or a similar type of animation. 	39228441010.png	The image shows a stylized illustration of a person sitting on a couch with a gaming setup. The person is holding a game controller and appears to be engaged in playing a video game. The setup includes a monitor displaying a game, a keyboard, and a mouse, suggesting a home gaming environment. The illustration is done in a flat, cartoon-like style with a limited color palette. 	64144797156.png	The image shows an animated character, a young man, who appears to be a skateboarder. He is standing on a ramp with his arms raised in a celebratory or triumphant pose, holding a gold medal. The background suggests an urban setting with skyscrapers, and there are clouds in the sky. The overall impression is that the character has won a skateboarding competition or achieved a significant accomplishment in the sport. 	78285963827.png	The image shows an illustration of a bride and groom at what appears to be a wedding ceremony. The bride is wearing a white wedding dress and a veil, while the groom is dressed in a suit with a bow tie and a boutonniere. They are holding a small box, which could be a wedding ring box, and are smiling at each other. The couple is standing in front of a simple backdrop, and the overall scene conveys a joyful and celebratory moment. 
new blood	Extended Evaluation			The image shows a stylized illustration of an older man wearing a cap with a logo on it. He appears to be in a contemplative or thoughtful pose, with his hand resting on his chin. The man is depicted with a somewhat weathered look, suggesting he might be a worker or someone who has spent a lot of time outdoors. The artwork has a realistic style with attention to detail, particularly in the textures of the clothing and the skin. 	The image shows an illustration of a man lying in a hospital bed. He is wearing a cap and has an IV drip attached to his arm. The man appears to be in a state of rest or possibly discomfort, as suggested by his facial expression. The image is stylized and does not depict a real person. 	15780935607.png	The image shows a stylized illustration of a person wearing a cap with a patch on the front, and a shirt with a collar. The person appears to be middle-aged with graying hair and a serious expression. The cap has a design that resembles a wolf's head, and the shirt has a patch on the left side of the chest, which could be a logo or emblem. The overall style of the illustration is realistic with a touch of artistic stylization. 	49244959453.png	The image shows a 3D rendering of a hospital bed. The bed is equipped with a medical monitor on the side, which is likely used for patient monitoring. The bed also has wheels for mobility, and there is a red cross symbol on the side, which is commonly associated with medical care and first aid. The bed is designed to be sturdy and functional, with a simple and clean aesthetic. 	63866568374.png	The image shows a cartoon illustration of four animated characters sitting around a conference table. They appear to be engaged in a business meeting or presentation. The table has a large screen displaying various graphs and charts, which suggests that the meeting is related to financial data or performance metrics. The characters are dressed in business attire, and one of them is holding a cup, possibly indicating a casual or relaxed atmosphere despite the formal setting. The overall scene is a stylized representation of a corporate or business environment. 	77443925799.png	The image shows an illustration of a man sitting in a hospital bed. He is wearing a cap with an orange cross, which is commonly associated with medical or healthcare settings. The man appears to be in a relaxed or resting position, with a pillow behind him and his arms resting on the bed's railing. There is a medical device, possibly an IV drip, attached to his arm, suggesting that he may be receiving medical treatment or monitoring. The overall setting suggests a hospital environment. 
ancient history	Extended Evaluation			The image shows a diorama or model depicting a scene that appears to be inspired by ancient Egyptian art. There are figures that resemble workers or artisans engaged in what looks like the construction or maintenance of a monument or structure. The figures are dressed in clothing that suggests a historical or cultural context, possibly representing the workforce of ancient Egypt. The scene includes elements such as a large stone or monument, a figure that could be a deity or a pharaoh, and various tools and materials that might be used in such a setting. The overall composition and the style of the figures and the environment suggest a high level of craftsmanship and attention to detail. 	The image shows an illustration of an archaeologist or an ancient scribe working on a clay tablet. The person is depicted with a stylus in their hand, which they are using to inscribe symbols or writing on the tablet. The tablet appears to be a representation of a historical artifact, possibly from ancient Mesopotamia or a similar civilization, given the style of the writing and the attire of the person. The background is minimalistic, focusing attention on the activity of writing or inscribing. 	25227500190.png	The image shows two animated characters sitting in chairs facing each other. The character on the left is wearing a red top and has dark hair, while the character on the right has gray hair and is wearing an orange top with a white collar. Both characters appear to be engaged in a conversation or interaction, as suggested by their body language and the presence of a smartphone in the character's hand on the left. The setting is minimalistic, with a plain background that focuses attention on the characters. 	37832288179.png	The image shows a person taking a photograph of an ancient-looking stone structure. The structure appears to be a large stone with hieroglyphics or inscriptions on it, which could suggest it is a historical or archaeological site. The person is kneeling down to get a better angle for the photograph, and they are wearing a hard hat, which is often worn in construction or archaeological sites for safety. The surrounding area is littered with broken stone pieces, indicating that the site may be in a state of disrepair or that some work has been done on it. 	38430415861.png	The image shows a group of cartoon characters dressed in construction worker outfits, including hard hats and work gloves. They are engaged in various tasks related to landscaping or construction, such as digging, planting, and using tools like shovels and brooms. The setting appears to be a sidewalk or pathway with trees and plants, suggesting they might be working on a public space or a landscaping project. The characters are depicted in a friendly and approachable manner, which is typical for cartoon illustrations. 	82556182083.png	The image shows an artist painting a picture. The artist is using a brush to apply paint to a canvas, which is placed on an easel. The painting being created depicts a colorful scene with a building, trees, and a sky with clouds and birds. The artist appears to be focused on the task at hand, and the overall atmosphere of the image suggests a calm and creative environment. 
agony aunt	Extended Evaluation			The image shows an illustration of a woman sitting at a desk with her head resting on her hand. She appears to be deep in thought or possibly tired. The desk is cluttered with various items, including papers, pens, a notebook, and a pair of glasses. There are also some personal items like a wallet and a pair of earrings. The background features a bulletin board with several notes pinned to it, suggesting that the woman might be involved in some sort of work or study that requires organization and note-taking. The overall scene conveys a sense of intellectual or creative work. 	The image shows an illustration of an older woman sitting at a desk with a computer monitor in front of her. She is wearing glasses and has short gray hair. The woman appears to be engaged in work or browsing on the computer, as suggested by her focused expression and the position of her hands on the keyboard. There are also some books and what looks like a pen holder on the desk, indicating a workspace environment. 	35667891798.png	The image shows an animated character of an older woman with gray hair. She is wearing glasses and has a big smile on her face. She is holding a tennis racket with both hands, suggesting she might be playing tennis or preparing to play. The character is depicted in a stylized manner, with exaggerated features that are common in animated illustrations. 	70175375705.png	The image shows a stylized, animated character of a woman. She has dark hair, is wearing a black top, and has a watch on her left wrist. The character is standing in front of a rock with some grass or straw on it. The background is plain and white, which highlights the character. The style of the image is reminiscent of a cartoon or a digital illustration. 	87642380839.png	The image shows an animated character of an older woman with gray hair, wearing glasses and a brown shirt. She appears to be in a state of surprise or shock, as indicated by her wide-open eyes and the expression on her face. The background suggests she is in a bedroom, with a pillow and a headboard visible. 	89158189228.png	The image shows an illustration of a woman sitting and reading a book. She has dark hair and is wearing a sleeveless top. The background has a textured appearance, possibly suggesting a casual or relaxed setting. The woman appears to be engaged in her reading, with a focused expression on her face. 
open goal	Extended Evaluation			The image shows an illustration of a soccer player on a field. The player is wearing a white jersey with the number 00 on the back, black shorts with orange stripes, and orange socks. He is standing next to a soccer ball, which is black and white, and appears to be in a ready stance, possibly preparing to kick the ball. The background suggests a soccer stadium with a goal post visible. 	The image shows a person's leg and foot, wearing an orange sock and a black and white soccer cleat, standing next to a soccer ball on a grassy surface. The person appears to be a soccer player, and the image is likely meant to represent a moment of preparation or action during a soccer game. 	23473954124.png	The image shows a soccer ball hanging in the air in front of a soccer goal net. The ball is positioned in the center of the goal, suggesting it has been kicked and is now suspended in mid-air. The background is a blurred outdoor setting, likely a soccer field, with trees and a grassy area visible. 	26271489284.png	"The image shows two animated characters shaking hands. The character on the left is wearing an orange soccer jersey with a logo on the left chest area, black shorts with a logo on the right thigh, and orange socks with black cleats. The character on the right is wearing a white soccer jersey with the number ""83"" on the right chest area, black shorts with a logo on the left thigh, and orange socks with black cleats. Both characters are wearing shin guards and have a friendly expression on their faces. "	44491583065.png	The image shows an illustration of a man and a woman sitting across from each other at a chessboard. They are shaking hands over the chessboard, which is set up for a game. The man is on the left side of the chessboard, and the woman is on the right. They are both dressed in business attire, suggesting a formal or professional setting. The illustration is stylized and appears to be a digital artwork. 	45307128647.png	The image shows a close-up of a grassy field with a variety of flowers. There are white flowers with yellow centers, which could be daisies, and black flowers with orange centers, which might be marigolds. The grass is a vibrant green, and the overall scene is a serene and colorful representation of a meadow or garden. 
white whale	Extended Evaluation			The image shows an animated character, a young man, sitting at a desk with a thoughtful expression. He is wearing a brown jacket and black pants, and his feet are resting on the desk. Above his head, there is a speech bubble with a cloud and a car, suggesting that he is thinking about or dreaming of a car. The overall style of the image is cartoonish and whimsical. 	The image shows an illustration of a man sitting at a table and drawing on a piece of paper. He appears to be working on a design or a sketch, possibly related to a car or a vehicle, as there are various car-related elements on the paper, such as wheels, tires, and other automotive parts. The man is using a pencil to draw, and there are other drawing tools and a small car model on the table. The setting suggests a creative or design-related activity. 	20102816928.png	The image shows a group of four animated characters standing on a pier or dock. They appear to be celebrating or cheering, with their arms raised in the air. The background is a simple, flat depiction of water, suggesting that the pier is located near a body of water. The characters are stylized with a limited color palette, and the overall scene is cartoonish and cheerful. 	47241906887.png	The image shows an animated character, a young boy, sitting at a desk with a pencil and a small container of what appears to be chalk or crayons. He is wearing an orange shirt and has a thoughtful expression on his face. Above his head, there is a thought bubble with a ship inside it, suggesting that he is thinking about or daydreaming about sailing or ships. The background is plain white, which puts the focus on the character and his thought bubble. 	47359559316.png	The image shows a stylized illustration of a man standing next to a futuristic-looking car. The car has a sleek design with a prominent front and a streamlined body, suggesting it might be an electric or concept vehicle. The man is dressed in a casual shirt and pants, and he appears to be smiling, giving the impression of confidence or pride in the vehicle. The background is plain and white, which puts the focus on the man and the car. 	53326497268.png	The image shows an illustration of a man with a stylized appearance, looking to the side. He has short hair and is wearing a brown shirt. Behind him, there are two stylized fish, one orange and black and the other black and white. The fish are depicted with a simplistic design, and the overall style of the image is cartoonish and graphic. 
bad apple	Extended Evaluation			The image shows a stylized illustration of an apple with a bite taken out of it, lying on a surface with some crumbs around it. There's also a whole apple with a stem and a leaf on top, positioned slightly behind the bitten apple. The illustration has a playful and cartoonish style, with a limited color palette and a somewhat exaggerated depiction of the apple's texture and the crumbs. 	The image shows a hand holding an apple with a bite taken out of it. The apple has a texture that resembles a pockmarked surface, and there appears to be a small creature, possibly a bug or a worm, crawling out of the bite. The background is plain and does not provide any additional context. The image is stylized with a cartoon-like quality. 	30062320079.png	The image shows an animated character, a young man with brown hair, standing next to a trash can. The trash can is overflowing with what appears to be broken pieces of a red apple, suggesting that the apple has been smashed or shattered. The character is holding his hand out as if he is about to catch or pick up one of the apple pieces. The scene is stylized and cartoonish, with exaggerated features and a limited color palette. 	34535761792.png	The image shows a group of animated characters that appear to be in a state of distress or chaos. They are depicted with exaggerated expressions and body language, suggesting a scene of panic or fear. The characters are styled in a cartoonish manner, with a limited color palette that gives the image a somewhat muted and gritty look. The background has splatter effects that add to the sense of disarray. The characters are not clearly identifiable, but they seem to be in a room with a desk and a chair, which might suggest a home or office setting. 	93706246943.png	The image shows a stylized illustration of a person with a somewhat exaggerated facial expression, holding an apple in their hand. The person appears to be a young male with short hair, and the apple is depicted with a glossy texture, suggesting it might be fresh or ripe. The style of the illustration is cartoonish and simplistic, with a focus on the character's face and the apple. 	98819333672.png	The image shows an animated character, a young boy, who appears to be excited or surprised. He is standing next to a black bucket that is overflowing with bananas. The bananas are falling out of the bucket, creating a sense of motion and chaos. The boy is smiling and has his arms outstretched, as if he is trying to catch the bananas or is simply enjoying the moment. The overall scene is playful and whimsical. 
guinea pig	Extended Evaluation			The image shows an animated character, a man with glasses, a beard, and a mustache. He is wearing a plaid shirt and is walking past a window displaying a plant. The character has a contemplative or thoughtful expression on his face. 	The image shows an animated character, a man with a beard and glasses, who appears to be in a state of shock or surprise. He is holding a syringe with an orange needle, which is typically used for injections. The character's expression and the context of the syringe suggest that he might be reacting to a sudden or unexpected event, possibly related to the syringe. 	03300420613.png	The image shows an animated character, a man with a beard and glasses, holding a dartboard. He appears to be in the middle of a dart-throwing motion, as if he has just thrown a dart. The character is wearing a plaid shirt and seems to be in a casual, relaxed pose. The dartboard has the traditional numbering around the edges, and there's a dart with a red tip in the center, indicating the current position of the dart. 	08344844980.png	The image shows a stylized animated character that appears to be a wizard or a magical figure. The character has a long white beard, a pointed wizard's hat with a leaf pattern, and is wearing a brown robe with a leaf design on the chest. The character also has a staff with a leaf at the top, suggesting a connection to nature or the fall season. The overall design is whimsical and cartoonish, with a friendly and approachable appearance. 	11601631055.png	The image shows a stylized, animated depiction of a capybara. It's a cute, cartoon-like representation of the animal, with exaggerated features such as large eyes and a fluffy coat. The capybara is standing in a field of green grass, and there's a blurred background that suggests a peaceful, natural setting. 	19758261729.png	The image shows a stylized, cartoon-like illustration of a man with a beard and mustache. He has glasses and a blue color on his face, which could be interpreted as a mask or a stylized feature. He is wearing a plaid shirt and has a somewhat surprised or contemplative expression. The artwork has a playful and artistic quality to it. 
dead wood	Extended Evaluation			The image shows a stylized illustration of a forested area with tall trees and a body of water. The trees are depicted with a simple, cartoon-like style, and the water appears calm with reflections of the trees. The overall scene is serene and natural, likely intended to represent a peaceful, wooded environment. 	The image shows an illustration of two characters standing in a forested area with fallen trees and a large tree stump. The characters appear to be engaged in a conversation or activity, as one of them is pointing at something. The setting suggests a scene of nature, possibly after a storm or during a forest management operation. The trees are bare, indicating it might be autumn or winter. 	05298779459.png	The image shows an animated character sitting at a desk with a computer monitor, keyboard, and mouse. The character is wearing glasses and a black jacket, and there are boxes and a potted plant on the desk. The style of the image is cartoonish and appears to be designed for a digital medium, possibly for a website, game, or other form of digital media. 	26446476338.png	The image shows an illustration of a pickup truck with a load of logs in its bed, parked on a grassy area with a small tree nearby. The truck appears to be in a muddy or wet condition, as indicated by the splashes of water and mud around it. The scene suggests a rural or outdoor setting, possibly after a rainfall or during a construction or landscaping project. 	54286559045.png	The image shows a simple wooden table and two chairs. The table has a round top and a wooden seat, while the chairs have a backrest and a seat. The design is minimalistic, with a focus on natural wood tones. 	70118112902.png	The image shows a stylized, three-dimensional illustration of a tree with a prominent trunk and a full canopy of green leaves. The tree is set against a plain white background, and it appears to be growing on a small patch of green grass. There are also two small plants or flowers at the base of the tree, adding to the natural setting. The image has a clean and simple aesthetic, with a focus on the tree and the surrounding greenery. 
panda car	Extended Evaluation			The image shows an animated character, a young girl with long black hair, holding out a small orange ball to a cute, cartoonish panda bear. The panda is standing on its hind legs, reaching out with its front paws towards the ball. The background is a simple, light gray color, which suggests a calm and peaceful setting. The style of the animation is reminiscent of modern, stylized animation commonly seen in animated films and television shows. 	The image shows an animated character, a young girl with black hair, wearing an orange top and brown pants. She is holding a cute, stylized panda bear in her arms. The background is a simple, light gray grid, which suggests that this could be a digital illustration or a concept art for a character in a story or animation. 	02352407005.png	The image shows a stylized, cartoon-like depiction of a panda bear. The panda is holding a bamboo stalk in its paws and appears to be eating it. The background suggests a natural, forested environment with green foliage. The panda's fur is white with black patches around its eyes, ears, and limbs, which is characteristic of the species. The image is likely designed to be appealing and cute, possibly for children or as part of a graphic design project. 	51353760290.png	The image shows an animated character, a young girl with long black hair, wearing a yellow top with a bow and a plaid skirt. She is riding a small orange tricycle with a black seat. Next to her is a cute, stylized panda bear character. The background is plain and light-colored, which helps to focus attention on the characters. The overall style suggests a cartoon or animated film setting. 	51460281046.png	The image shows an animated character, a young girl with black hair tied in a ponytail, wearing a green shirt. She is sitting at a desk with a notebook and a pencil, suggesting she is engaged in some form of writing or drawing. The background is white with small star-like shapes, giving it a whimsical or magical feel. The character appears to be smiling and is looking towards the viewer. 	52191647572.png	The image shows a stylized illustration of a police car with its emergency lights activated, parked on the side of a road. Behind the police car, there is a blue van with a spare tire mounted on the back. The scene suggests a traffic stop or a roadside assistance situation. The artwork is done in a cartoon-like style, with a limited color palette and a simplified representation of the vehicles and the environment. 
bells and whistles	Extended Evaluation			The image shows an illustration of a person standing in front of a window with a view of a tree and birds. The person is wearing an orange shirt and appears to be looking out at the scene. The birds are depicted in flight, and the tree has orange berries, suggesting it might be autumn. The overall scene is peaceful and serene. 	The image depicts an animated character, a man with a beard, playing a trumpet. He is standing under a tree with bunches of grapes hanging from its branches. The background shows a field with tall grass and a few birds flying around. The overall scene suggests a peaceful, rural setting. 	12100956256.png	The image shows a stylized, animated character sitting in the driver's seat of a blue sports car. The character has a happy expression and is holding onto the steering wheel. The car has a sleek design with a prominent front grille and a spoiler on the rear. The background is plain white, which puts the focus on the character and the car. 	70390612309.png	The image shows an animated character that appears to be a stylized, anthropomorphic pumpkin. It has a face with a big smile, a large orange hat, and is dressed in a tattered, black outfit with orange accents. The character is holding a bunch of grapes in one hand and a wooden stick with a cross on top in the other. The background suggests a rural or farm setting with grass and a vine with grapes. The overall style of the image is cartoonish and whimsical. 	82071025209.png	The image shows an animated character, a man with a beard and mustache, wearing an orange shirt and holding a glass of red wine. He is smiling and appears to be in a good mood. The character is stylized with exaggerated features, which is common in cartoon and animation styles. 	94550852881.png	The image shows an animated character, a young man with a beard, wearing an orange shirt and black pants. He is running towards a purple soccer ball, which is on the ground. The character appears to be in motion, with his arms outstretched and a joyful expression on his face. 
swan song	Extended Evaluation			The image depicts a whimsical scene with a large white swan floating on a body of water. Surrounding the swan are various other animals, including ducks, fish, and a small brown and white creature that resembles a fox or a similar mammal. The background features a clear sky with a few clouds and a lush green tree on the right side. The overall style of the image is cartoonish and colorful, with a playful and imaginative atmosphere. 	The image depicts a whimsical scene with a white swan floating on a body of water. The swan is surrounded by various other animals, including ducks, fish, and a small brown creature that resembles a hedgehog or a similar type of animal. The background features a tree, a cloud, and a few birds flying in the sky. The overall atmosphere of the image is playful and cartoonish, with a focus on the interaction between different species in a natural setting. 	41757048501.png	The image shows an animated scene featuring a large white swan with an orange beak, standing in a pond. The swan appears to be singing or calling out, as indicated by the musical notes floating around its head. In the background, there are trees and a variety of other animals, including a duck, a cat, and a bird, all looking towards the swan. The scene is whimsical and colorful, with a cartoon-like style. 	42153607758.png	The image depicts a whimsical and colorful scene of a pond with various animals around it. There are trees with green leaves, and the pond is surrounded by a grassy area. On the grass, there are several animals including a zebra, a giraffe, a penguin, a bird, and a few other animals that appear to be a mix of different species. The animals are illustrated in a cartoon-like style, and the overall scene is designed to be playful and imaginative. 	48689990957.png	The image shows a stylized illustration of a mother duck and her duckling swimming in a pond. The mother duck is eating a fish, and there are flowers and a small tree in the background. The scene is set against a white background, giving it a clean and simple look. The duck and duckling are depicted in a cartoon-like style, with exaggerated features and a whimsical feel. 	95411554590.png	"The image shows an animated character who appears to be a baseball player, standing on a baseball field with a bat in hand. The character is wearing a baseball uniform with the letter ""F"" on the cap, suggesting it might be a fictional or stylized representation rather than a specific real-life player. Behind the character, there is a crowd of people holding signs, which could imply a protest or a gathering of fans. The character's expression is one of concern or worry, and the overall scene seems to be a depiction of a moment of tension or anticipation. "
silver bullet	Extended Evaluation			The image depicts an illustration of a person, likely a miner or a construction worker, engaged in some sort of excavation or exploration activity. The individual is wearing a hard hat and is equipped with a pickaxe, suggesting they are involved in manual labor, possibly breaking rocks or digging into a rocky wall or cave. The environment appears to be a natural setting with rock formations, and there are piles of rocks and what looks like a small wooden structure, possibly a makeshift shelter or a support for the excavation. The overall scene suggests a scene of manual labor or exploration in a rugged, outdoor environment. 	The image shows a 3D animated scene of a man working in a workshop. He is using a metalworking lathe to shape a piece of metal. The workshop is equipped with various tools and equipment, and there are sparks flying around, indicating that the man is using a tool that is generating heat, possibly a drill or a similar cutting tool. The setting has a dark background with a warm glow, which adds to the industrial and focused atmosphere of the scene. 	09476456617.png	The image depicts a cartoon illustration of a professional setting. There is a woman standing in the center, who appears to be leading a presentation or meeting. She is gesturing with her hands and smiling, suggesting she is engaging with the audience. On either side of her are two individuals seated at desks, attentively listening to her. The setting includes a projector screen, a desk with a computer, and office chairs. The overall atmosphere suggests a business or educational environment. 	42077618918.png	The image shows a single, silver-colored bullet casing. It appears to be a 38 caliber cartridge, which is commonly used in handguns. The casing is typically made of brass, but in this image, it is shown in a metallic silver finish. 	44814348191.png	The image shows a gold-colored handgun with a magazine inserted. There are also three gold-colored bullets lying next to the gun. The gun appears to be a revolver, as indicated by the cylinder visible in the handle. The design is stylized and may not be a real firearm but rather a digital or graphic representation. 	46509776393.png	The image shows a collection of fine china, which includes various pieces such as teacups, teapots, saucers, and spoons. The china has a detailed and ornate design, suggesting it may be of high quality or from a specific historical period. The colors are predominantly white, gold, and black, with intricate patterns and decorations. This kind of china is often used for special occasions or as a display of fine craftsmanship. 
acid test	Extended Evaluation			The image shows a collection of laboratory equipment typically used for scientific experiments. There is a clear glass test tube, a graduated cylinder with a black cap, a test tube rack, and a test tube stopper. The stopper is placed on the table, and there are a few drops of liquid on the table, suggesting that some sort of liquid has been added to the test tube or cylinder. The equipment is commonly used in chemistry and biology labs for measuring and testing liquids. 	The image shows an animated character, a young man with brown hair and glasses, wearing a white lab coat. He is holding a test tube with a yellow liquid and appears to be conducting an experiment or a demonstration. There are three orange droplets floating around him, which could represent some sort of chemical reaction or particles in the air. The setting suggests a laboratory environment. 	19530225088.png	The image shows an animated character of a young man wearing glasses, a white lab coat, and a stethoscope around his neck. He is sitting at a desk and appears to be reading a book or a document. There is a bottle with a yellow label next to him, which could be a bottle of medication or a scientific sample. The setting suggests a medical or scientific environment. 	25700515041.png	The image shows a stylized illustration of a laboratory setup. There is a test tube with a liquid inside, which appears to be a chemical reaction in progress. The test tube is connected to a flask with a stopcock, and the flask is releasing a gas or vapor that is being captured by a condenser. The condenser is releasing the condensed vapor into the air, which is depicted as bubbles. The overall scene suggests a scientific experiment or demonstration, possibly related to chemistry or physics. 	37012948049.png	The image shows a glass of what appears to be a cold beverage, possibly a cocktail or a cold brewed tea or coffee, with ice cubes floating on top. The liquid is a golden-brown color, suggesting it might be a type of tea or coffee, and the ice cubes are clear, indicating they are made from water. The glass is placed against a white background, which highlights the drink and the ice cubes. 	51417729947.png	The image shows four animated characters, two women and two men, standing together and smiling. They appear to be in a professional setting, as suggested by their attire and the cityscape in the background. The characters are stylized with exaggerated features, which is common in cartoon or illustration styles. 
cutting edge	Extended Evaluation			The image shows an animated character, who appears to be a bearded man, engaged in the process of blacksmithing. He is using a hammer to strike a piece of metal on an anvil, which is surrounded by a fire, likely to heat the metal. There are various tools and materials around him, such as a wheelbarrow, a bucket, and a pile of rocks, which are typical elements found in a traditional blacksmith's forge. The character is dressed in what looks like a historical or fantasy-style outfit, suggesting that the image might be from a cartoon or animated series. 	The image shows an animated character, a bearded man, who appears to be a blacksmith or a craftsman. He is holding a hammer and is in the process of striking a piece of metal on an anvil. The scene is set against a dark background with a circular motif, and there are sparks and debris flying around, indicating the intense work involved in the craft. The character is depicted with a focused and determined expression, suggesting that he is deeply engaged in his work. 	07685401461.png	The image shows an illustration of a man sitting in a chair with headphones on. He has a beard and is wearing a vest. The man appears to be relaxed or possibly engaged in some form of audio or music production, given the headphones and the setting. The style of the illustration is cartoonish and stylized. 	71172611022.png	The image shows an animated character who appears to be a bearded blacksmith or craftsman. He is holding a large hammer and is standing in front of a workbench with various tools and materials. There are pieces of wood, a bowl, and a bucket, suggesting that he might be working on a project that involves woodworking or metalworking. The character is depicted with a beard and mustache, and he is wearing a brown apron, which is typical attire for someone working with tools and materials. The background is simple and does not distract from the character and his work. 	86183734433.png	The image shows an animated character, a man with a beard and a hairstyle that appears to be styled upwards. He is dressed in a black suit and tie, and he is standing on a platform with a robot beside him. The robot has a white and orange color scheme and features a large head with two orange lights on the front, and it appears to be a small, humanoid robot. The setting is minimalistic, with a plain background that focuses attention on the characters. 	89175056665.png	The image shows an animated character who appears to be a bearded man with glasses, holding a large hammer. He is dressed in overalls and has a beard and mustache. The character is standing on a platform with various tools and objects around him, including a saw, a drill, and some other items that suggest he might be a craftsman or a worker involved in construction or woodworking. There are also some small rocks or debris flying around him, which could indicate that he is in the middle of a task that involves hammering or striking something. The overall style of the image is cartoonish and whimsical. 
second nature	Extended Evaluation			The image shows an animated character, a young woman, sitting at a desk and using a computer. She has brown hair tied in a ponytail, is wearing a red top, black pants, and black high heels. The character appears to be smiling and is depicted in a stylized manner typical of vector illustrations. 	The image shows two animated characters, a woman and a girl, sitting at a desk with laptops. They appear to be engaged in a conversation or working together on something. The woman is on the left, wearing glasses and a red top, and the girl is on the right, wearing an orange top. They are both smiling and seem to be in a positive mood. The setting suggests a professional or educational environment. 	03472898604.png	The image shows a stylized, animated character of an older woman. She has gray hair, is wearing glasses, a white blouse, and black pants. She is holding a clear plastic bottle, which could be a water bottle, and has a slight smile on her face. The background is plain and light-colored, which puts the focus on the character. 	06974958960.png	The image shows an illustration of a rocket launch. The rocket is prominently in the center, with its nose pointed upwards, indicating that it is in the process of launching. Below the rocket, there is a group of people watching the launch. The setting appears to be a launchpad with trees in the background, suggesting a location where rockets are typically launched. The people are dressed in what looks like uniforms, which could imply they are part of a crew or team involved in the launch. The overall scene conveys a sense of excitement and anticipation. 	95582699328.png	The image shows an illustration of an older woman wearing a suit and tie, sitting at a desk with a laptop. She is wearing sunglasses over her eyes and has a determined or focused expression on her face. The style of the illustration is cartoonish and appears to be designed for a professional or business context. 	99639337588.png	The image shows an animated character, a young woman, sitting at a desk and working on a piece of paper. She appears to be focused on her task, with a pencil in her hand and a pen nearby. There's a small container of pens and pencils on the desk, suggesting she might be engaged in some form of writing or drawing. The character is wearing a red top and has her hair tied back, which is a common depiction of a studious or focused individual. 
dutch courage	Extended Evaluation			The image shows an animated character, a young boy with blonde hair, sitting at a table with a beer in front of him. He appears to be looking at a music player or a device with musical notes on it. The setting suggests a casual, relaxed atmosphere, possibly a bar or a music-themed establishment. The boy's expression is one of surprise or interest. 	The image shows an animated character, a young boy with blonde hair, sitting at a table and drinking from a glass. He appears to be enjoying a beverage, possibly beer, given the context. Behind him is a small television screen displaying musical notes, suggesting that he might be listening to music or watching a music-related program. The setting seems to be a casual, indoor environment, possibly a living room or a similar space. 	23881603232.png	The image shows an animated character, a young woman with brown hair, standing on a stage with a microphone. She is smiling and appears to be singing or about to sing. To her right, there is a stylized representation of a music note and a small screen displaying a music note, suggesting that she might be performing music. The overall style of the image is cartoonish and colorful. 	24894884189.png	The image shows an animated character, a young boy with blonde hair, standing in front of a microphone and a television screen. The television screen displays a music note symbol, which is commonly associated with music or a music-related program. The boy appears to be singing or presenting, as suggested by the microphone and his smiling expression. 	35647113413.png	The image shows an animated character, a young boy, walking in the rain. He is wearing headphones, a green shirt, and a backpack. The boy is holding an umbrella to shield himself from the rain. The background is a simple, white, rainy day. 	88395444089.png	The image depicts a stylized illustration of a sailing ship with a crew of four men on the deck. They are wearing hats and orange shirts, which suggests they might be pirates or sailors from a historical period. The ship is equipped with multiple sails and is sailing on the ocean with a clear sky and a calm sea. In the background, there is another ship in the distance, and the overall scene conveys a sense of adventure and exploration. 
sour grapes	Extended Evaluation			The image shows an animated scene featuring two characters. On the left, there is a young boy with blonde hair, wearing a brown t-shirt and blue jeans. He is looking towards the right side of the image, where a young girl is standing. The girl has brown hair tied in a ponytail, and she is wearing a colorful top with a floral pattern and black pants. She is smiling and appears to be looking at the boy. The background has a dark, starry sky with orange specks, suggesting a nighttime setting. 	The image shows a stylized, animated character of a man and a girl. The man is holding a trophy and appears to be smiling, while the girl is holding a small gift box and also smiling. They seem to be in a celebratory or happy moment, possibly after a competition or achievement. The characters are designed with a friendly and approachable look, and the colors are bright and cheerful. 	05600936816.png	The image shows two animated characters, a boy and a girl, standing next to each other. The boy has a frown on his face and is holding his arms crossed, while the girl is holding a trophy and appears to be upset or disappointed. They seem to be in a competition or contest, as suggested by the trophy. The style of the animation is cartoonish and colorful. 	28323713544.png	The image shows a cartoon of a young boy with a surprised or confused expression. He is standing in front of a television that is displaying a blank screen. The boy is wearing a white t-shirt and blue jeans, and he appears to be looking at the television with a puzzled or curious look. The television is placed on a small wooden stand. 	41051753623.png	The image shows an animated character, a young girl with brown hair, wearing a polka-dot orange top. She is holding a hot dog in her hands and appears to be enjoying it. The style of the image is cartoonish and colorful, typical of animated characters. 	75069430197.png	The image shows a stylized, cartoon-like illustration of a young boy with a surprised or shocked expression. He has blonde hair and is wearing an orange shirt. The artwork is detailed and colorful, with a focus on the boy's facial expression and the texture of his hair. 
one-horse race	Extended Evaluation			The image shows an animated character of a man standing at a podium, giving a speech or presentation. He is dressed in a suit with a red tie and a red boutonniere, suggesting a formal or professional setting. The character is smiling and appears to be engaging with an audience. The background is plain and white, which helps to focus attention on the character and the podium. 	The image shows a digital representation of a notebook or planner. It has a spiral binding at the top and a blank page with a placeholder for text or writing. There is a small icon or logo in the top left corner, which appears to be a stylized letter 'E' inside a circle, but without more context, it's not clear what the logo represents. The notebook is depicted in a three-dimensional perspective, giving it a sense of depth. 	07836826276.png	The image shows a stylized, cartoon-like illustration of a man. He has short hair, is wearing a suit with a red tie, and is holding a tray with a sandwich on it. The man appears to be smiling and is in the process of eating the sandwich. The style is reminiscent of a character from a children's book or animation. 	43346867031.png	The image shows a stylized illustration of a horse running on a dirt track with a hurdle. The horse is depicted with a speckled coat, a black mane, and a brown tail. It is wearing a bridle and is shown in a dynamic pose, suggesting movement. The background is plain and white, which puts the focus on the horse and the hurdle. 	86195303931.png	The image shows a scroll with a wax seal on it. The scroll is rolled up and tied with a string, and the wax seal is attached to the string, indicating that the scroll has been sealed and is likely to contain important or confidential information. The wax seal typically has a design or text on it, which can be used to identify the sender or the contents of the scroll. 	99191842241.png	The image shows two animated characters, a man and a woman, shaking hands. The man is dressed in a suit with a red tie, and the woman is wearing a business suit with a red blazer. They appear to be in a professional setting, possibly a business meeting or a formal event. The characters are smiling and seem to be engaged in a friendly or professional interaction. 
can of worms	Extended Evaluation			The image shows an animated illustration of a classroom or training session. There is a man standing in front of a large screen displaying a presentation, pointing at it with a pen. He appears to be leading the session or explaining something to the two seated individuals, who are attentively watching the screen. The setting suggests a professional or educational environment. 	The image shows a cartoon illustration of a man sitting in an office chair. He is dressed in a suit with a tie, and he appears to be smiling and waving with his right hand. The man has short hair and is depicted in a friendly and approachable manner. The background is plain and white, which puts the focus on the character. 	13095090653.png	The image shows three animated characters in a business setting. They appear to be engaged in a meeting or presentation. The character in the center is standing and gesturing, possibly explaining something, while the other two characters are seated and appear to be listening or observing. They are all dressed in business attire, suggesting a professional environment. The setting includes a desk with a laptop and a presentation board in the background. 	17248095216.png	The image shows an animated character, a young man, who appears to be in a state of surprise or shock. He is leaning forward with his arms outstretched, and his mouth is open as if he's screaming or reacting to something. Behind him, there is a rusty metal can that is spewing out what looks like a swarm of insects or worms. The scene is likely meant to be humorous or exaggerated, as the character's reaction is over-the-top and the situation is absurd. 	65599487278.png	The image shows an animated illustration of three characters in a meeting or presentation setting. On the left, there is a person with a laptop, seemingly focused on the screen. In the middle, there is a large screen displaying a list of items with checkboxes next to them, which could represent a presentation or a list of tasks. On the right, there is a person standing and gesturing, possibly explaining or discussing the items on the screen. The setting appears to be a professional or business environment. 	75815637381.png	The image shows a cartoon illustration of a man riding a bicycle. He is wearing a suit with a tie and appears to be smiling. The bicycle has a simple design with black tires and a single orange fender. The background is plain white, which highlights the subject. 
storm in a teacup	Extended Evaluation			The image shows a plate of food that includes a variety of items. There are several hot dogs, which appear to be grilled or cooked. Alongside the hot dogs, there is a serving of mashed potatoes with a sprinkle of what looks like paprika or a similar spice on top. There are also green peas and orange carrots, which add a pop of color to the plate. The food is presented on a white plate with a black rim, suggesting a casual or home-cooked meal. 	The image shows an animated illustration of a man sitting at a table, pointing at something with his right hand. He appears to be in the middle of a conversation or presentation, as suggested by his animated expression and the gesture of his hand. The setting looks like a casual dining environment, with a plate of food in front of him and a glass to his right. The other person in the image is not fully visible, but it seems like they are engaged in the conversation or presentation. 	19140373792.png	The image shows an animated character, a man, who appears to be in mid-stride, possibly running or walking with enthusiasm. He is dressed in a suit and tie, suggesting a professional or formal setting. The background features a road with trees, indicating an outdoor environment. The character's arms are raised in the air, and he has a broad smile on his face, which conveys a sense of joy or excitement. 	63753505523.png	The image shows an animated character, a young girl, dressed in a witch costume. She is sitting at a table with a steaming cup of tea and a small, glowing teapot. The scene is set against a white background, and the girl is wearing a witch's hat with a bat on top. The overall atmosphere of the image suggests a cozy, magical setting, possibly during the Halloween season. 	70801779928.png	The image shows a group of animated characters, likely representing a team or a group of people, gathered around a central object that appears to be a microphone stand. The characters are depicted with a variety of expressions, suggesting a discussion or a meeting. The style of the animation is cartoonish and simplistic, with a limited color palette and a flat design. 	90461100159.png	The image shows an illustration of three animated characters sitting around a table. The character in the middle appears to be in the middle of a conversation or presentation, as indicated by his open mouth and surprised expression. The other two characters are looking at him with expressions of interest or concern. They are all dressed in business attire, suggesting a professional setting, possibly a meeting or a presentation. The table has a plate with what looks like a sandwich on it, indicating that they might be having a meal or a break during their discussion. 
trojan horse	Extended Evaluation			The image shows a stylized, anthropomorphic horse with a human-like body and head, standing on a platform with several people around it. The horse is adorned with various decorations and appears to be a central figure in a scene that could be interpreted as a celebration or a ritualistic event. The people around the horse are dressed in what looks like ancient or prehistoric clothing, suggesting a historical or mythological context. The overall style of the image is reminiscent of a scene from a fantasy or animated film. 	The image shows a large, wooden horse statue with a ribbon around its neck. The horse is standing in front of a crowd of people who appear to be admiring or celebrating the statue. The setting suggests a festive or ceremonial event, possibly related to a parade or a cultural celebration. The horse statue is quite detailed and realistic, with a shiny coat and a mane that flows down its neck. 	08313021035.png	The image shows a whimsical and artistic depiction of a large horse statue with a person standing on its back, as if it were a real horse. The horse statue is detailed and realistic, with a weathered texture that gives it an aged appearance. The person on the horse's back is holding a bucket and a brush, suggesting they might be a caretaker or a cleaner. The scene is set on a platform with a small tree and some rocks, which adds to the overall composition of the image. The image is likely a piece of digital art or a concept for a sculpture or installation. 	45505238950.png	The image depicts a whimsical scene where a group of people are riding on the back of a large, wooden horse. The horse is adorned with armor and has a prominent mane. It appears to be a stylized or fantastical representation, possibly inspired by mythology or fantasy genres. The people are dressed in what looks like ancient or tribal attire, and they are holding spears, suggesting they might be warriors or hunters. The setting includes a stone wall and a small tree, which adds to the rustic and outdoor atmosphere of the scene. 	61905335868.png	The image shows a stylized, animated depiction of a large, horned creature that resembles a bull or a minotaur, standing in front of a stone building with a thatched roof. The creature has a muscular build and is adorned with what appears to be rusted metal plates or armor. The setting suggests a rustic or ancient environment, possibly inspired by historical or mythological themes. The artwork is detailed and has a three-dimensional quality to it. 	75968073021.png	"The image shows an animated character standing in front of a large, metallic door with a keypad and a sign that reads ""EXIT."" The character appears to be a man with gray hair, wearing a suit and tie, and he is holding a tablet or a small device in his hand. To the left of the door, there is a small table with a computer monitor and a few other items, suggesting a control room or a security station. The overall setting seems to be a futuristic or high-tech environment. "
busman's holiday	Extended Evaluation			The image shows an animated character, a man, who appears to be in a public transportation setting, possibly a bus or train. He is wearing a suit with a tie, a hat, and has a somewhat disgruntled or tired expression on his face. The character is depicted in a stylized manner, with exaggerated features that are common in animated illustrations. 	The image shows an animated character, a man, who appears to be a pilot or airline staff member. He is dressed in a uniform with a cap, and he is interacting with a suitcase. The man is smiling and seems to be either packing or unpacking the suitcase, which is open and filled with various items of clothing. The setting is minimalistic, with a plain background that focuses attention on the character and his activity. 	08688187936.png	The image shows an animated character sitting in a chair and holding a drink. The character is wearing a hat and a suit, and appears to be in a relaxed or contemplative pose. The background suggests a calm, outdoor setting with clouds. 	64476096636.png	The image shows an animated character, a man dressed in a suit and a top hat, standing in a field with a bare tree and a grave marker. The man appears to be in a contemplative or somber mood, as he is holding his chin and looking down at the ground. The overall scene suggests a theme of reflection or mourning. 	70891194976.png	The image shows an animated character lying in a hospital bed. The character is wearing a black hat with a red emblem, a black suit with an orange tie, and has a somewhat disheveled appearance. The character is connected to an IV drip, suggesting that they are in a medical setting and possibly receiving treatment. The bed has wheels, indicating that it is a mobile hospital bed. The character's expression is one of exhaustion or fatigue. 	93343754035.png	The image shows an animated character, a young woman with blue hair and a black tank top. She has a confident expression and is making a fist with her right hand. The background is dark with a smoky effect, and there are orange lights that seem to be emanating from her hands, giving her a dynamic and energetic appearance. 
brain drain	Extended Evaluation			The image shows an animated illustration of a scene where a person with gray hair and glasses is performing a medical procedure on a patient's head. The doctor is using a device that appears to be a medical device, possibly for a hair transplant or a similar procedure. The patient is lying on a table, and the doctor is focused on the task at hand. The setting looks like a medical office or a clinic. 	The image shows an animated character that appears to be a scientist or a doctor. The character is wearing glasses, a white lab coat, and brown shoes. They are holding a brain in their right hand, which suggests that the character might be involved in medical research or neurology. The character is smiling and seems to be presenting or explaining the brain. 	10298754802.png	The image shows a stylized illustration of a brain being cooked in a pot. The brain is depicted with a somewhat simplistic design, and it appears to be in the process of being boiled or cooked, as indicated by the steam or vapor rising from the pot. The pot itself is placed on a surface that looks like it could be a stove or a hot plate, and there are droplets of what might be water or cooking liquid splashing around the pot. The overall image seems to be a creative or artistic representation, possibly with a humorous or satirical intent. 	34140399729.png	The image shows a black pot with a strainer on top, and noodles are being poured from the pot into the strainer. The noodles are yellow, and there are also some noodles and a piece of cheese on the ground, suggesting that the noodles have been cooked and are being drained. The background is white, which highlights the subject of the image. 	61897242621.png	The image shows a cartoon character that appears to be an older man with white hair, wearing glasses and a white lab coat. He is holding a piece of broccoli in his right hand. The character is smiling and seems to be in a happy or content mood. The background is plain white, which puts the focus on the character and the broccoli. 	79035447357.png	The image shows a 3D animated character, a woman, walking towards an airplane. She is pulling a suitcase behind her and appears to be in the process of boarding the aircraft. The setting suggests an airport environment, with the airplane's boarding stairs visible in the background. The character is dressed in a casual outfit, consisting of a white top, black pants, and high heels. 
fish story	Extended Evaluation			The image shows an animated character, an older man with a beard, wearing a wide-brimmed hat and a long-sleeved orange shirt. He is seated at a table with a glass of what appears to be orange juice and a straw. Above his head is a thought bubble with another animated character, a bearded man in a similar hat and shirt, holding a fishing rod and looking at a fish. The man in the thought bubble seems to be speaking or thinking to the man at the table, as indicated by the speech bubble with a question mark. The overall scene suggests a humorous or whimsical interaction between the two characters. 	The image shows an animated character, an older man with a beard, wearing a wide-brimmed hat and sitting at a table. He appears to be in a state of surprise or shock, as indicated by his wide eyes and open mouth. Above him, there's a speech bubble with a fish inside, suggesting that the man is either talking to the fish or reacting to it. The fish is depicted with a surprised expression as well, which adds to the humorous or surreal nature of the scene. The setting seems to be a casual outdoor or patio area, indicated by the presence of a lamp and a simple table. 	28134433251.png	The image shows an illustration of two animated characters sitting at a table. One character is holding a drink and appears to be engaged in a conversation with the other character, who is also holding a drink. Above the characters, there is a speech bubble with a picture of a cat inside it, suggesting that the cat is the topic of their conversation. The cat is depicted riding a bicycle, which adds a humorous element to the image. The characters are dressed casually, and the setting seems to be a relaxed, informal environment, possibly a cafe or a casual dining establishment. 	53315917418.png	The image shows a cartoon depiction of an orange fish with a smiling face, swimming in an underwater environment. The fish is surrounded by bubbles and is near some seaweed and other fish, which appear to be clownfish, given their distinctive orange and white stripes. The background is a simple, light blue color, suggesting a calm sea or ocean. 	58098885300.png	The image shows an animated character, an older man with a beard, wearing an orange hat and a brown shirt. He appears to be in a bar or a similar setting, with a wooden table in front of him. The man is making a surprised or excited gesture with his arms outstretched, and his mouth is open as if he's shouting or cheering. On the table, there are various items such as a bottle, a glass, and what looks like a small machine or device. The background is plain and white, which suggests that the focus is on the character and his reaction. 	64581486446.png	The image shows an animated character, a bearded man wearing a cowboy hat, sitting at a table with a mug of beer in his hand. He appears to be in a relaxed setting, possibly a bar or a saloon, as indicated by the bottles and the overall ambiance. The character is depicted with a friendly and welcoming expression. 
silver lining	Extended Evaluation			The image shows an illustration of a person walking in the rain. The person is wearing a dark jacket, dark pants, and brown shoes. They are carrying a backpack and appear to be looking down, possibly at the ground or their feet. The background is a plain white, and raindrops are falling around the person, creating a sense of a rainy day. 	The image shows a dramatic sky with a bright, sun-like light shining through a break in the clouds. The light appears to be emanating from the top of the image, creating a ray of light that illuminates the scene below. In the foreground, there are silhouettes of trees, suggesting that the photo was taken from a low angle looking up towards the sky. The overall effect is quite striking and could be interpreted as a representation of hope or a moment of divine intervention. 	09369473296.png	The image shows a colorful, rainbow-striped balloon with a heart shape. Attached to the balloon are two smaller balloons, each with a face drawn on it, resembling a cute, cartoonish character. The balloons are floating in the air, suggesting they are being used as decorations or for a celebration. 	47211541984.png	The image shows an animated character, a young man with a backpack, holding a bag of money and a wooden chest with a lock and a keyhole. He appears to be in a room with shelves in the background, suggesting a setting that could be a shop or a storage area. The character is smiling and seems to be in a good mood. 	76484404216.png	The image shows an illustration of a person standing in the rain. The person is looking up at a rainbow, which is depicted as a bright, colorful arc against a cloudy sky. The person is wearing a backpack and appears to be standing in a puddle, as suggested by the reflection on the ground. The overall mood of the image is contemplative and hopeful, as the rainbow often symbolizes hope and positivity. 	83420620148.png	The image shows an illustration of a person sitting on a bench inside a train or bus. The person appears to be a young adult with dark hair, wearing a black jacket and dark pants. They are looking down, possibly lost in thought or observing something on the ground. The background features a window with raindrops, suggesting that it might be raining outside. The overall mood of the image is contemplative or introspective. 
glass ceiling	Extended Evaluation			The image shows an animated character, a woman with brown hair, standing in front of a greenhouse. She is holding a tray with a plant on it and appears to be tending to the plants inside the greenhouse. The greenhouse is filled with various potted plants, suggesting a variety of plant species. The setting suggests a scene of gardening or plant care. 	The image depicts a whimsical scene with a flock of seagulls flying around a glass-fronted structure that resembles a greenhouse or aviary. The birds are in various stages of flight, with some soaring high and others landing or taking off. The structure is adorned with orange flowers and green foliage, suggesting a well-maintained and vibrant environment. The overall atmosphere of the image is lively and dynamic, with a sense of movement and energy conveyed by the birds' actions. 	02945141680.png	The image shows an illustration of a person standing in front of a glass door with a greenhouse-like structure behind it. The person is holding a green backpack and appears to be looking at the plants inside the greenhouse. The greenhouse is filled with various plants, and there are potted plants on the ground outside the door. The setting suggests a peaceful and serene environment, possibly a garden or a plant nursery. 	53366536329.png	The image shows an animated scene with two characters. On the left, there is a female character with long hair, wearing an orange top and black pants, sitting on a green chair. She appears to be looking at a male character on the right, who is standing and holding an award. The male character is dressed in a suit and tie, suggesting a formal or professional setting. The background is minimalistic, with a white wall and a door frame, which gives the impression of a waiting room or a similar indoor space. 	66027895037.png	The image shows a stylized illustration of a small house with a pitched roof. The house has a prominent chimney and is surrounded by a variety of plants and flowers, suggesting a well-maintained garden. The colors are vibrant, with the house's roof in a warm orange tone, contrasting with the darker walls. The overall style of the image is cartoonish and appears to be designed for a coloring book or a similar type of artwork. 	85110628593.png	The image shows an animated character, a young woman with brown hair, looking upwards with a thoughtful or concerned expression. She is wearing a black top and has a small orange hair tie. There is a splatter of what appears to be brown paint or substance on the wall behind her, and she is holding a paintbrush in her hand. The setting seems to be an indoor space with a window and a metal frame in the background. The overall atmosphere of the image suggests a creative or artistic environment. 
snake oil	Extended Evaluation			The image shows an animated character, a young woman, standing in front of a fruit stand. She is wearing a tank top and has a bandage on her right leg. The stand is filled with various fruits, including oranges and carrots, and there are baskets of produce on the ground. The setting appears to be a market or outdoor marketplace. The character has a thoughtful or contemplative expression on her face. 	The image shows an animated character, a young girl with brown hair, drinking from a green bottle with a yellow label. She is wearing a black tank top and has a bandage on her left arm. The character has a playful and youthful appearance. 	14905476921.png	The image shows an animated character, a young girl with brown hair, wearing a black tank top and shorts. She is climbing a tree with a smile on her face, holding onto a branch with one hand and a foothold with the other. The tree has a few orange footholds, and there's a green cup attached to her belt. The character appears to be enjoying the activity and is likely designed to appeal to children. 	47038331646.png	The image depicts an animated scene of a man and a woman. The man is standing behind a table with a variety of fruits and vegetables, suggesting he might be a vendor at a market. He is holding a bag of money, possibly indicating that he has just made a sale. The woman is standing in front of the table, holding a wad of money and looking at the man with a surprised or questioning expression. She is also holding a basket, which might contain more money or some other item. The umbrella above them provides shade, and the overall setting appears to be outdoors, possibly in a market or street vendor area. 	89314151550.png	The image shows an animated character, a woman, who appears to be in a state of distress or surprise. She is holding an umbrella and is standing next to a fruit cart. The cart is filled with various fruits, including oranges and what looks like pineapples. There is another character, a man, who is bending over the cart, possibly tending to it or looking at the produce. The scene suggests a market or street vendor setting. 	89890573946.png	The image shows an animated character, a woman, holding a can with a snake design on it. She appears to be smiling and is standing in front of a table with another can that has a similar snake design. The background is plain and white, which suggests that the focus is on the cans and the character's interaction with them. 
